company;class;symbol;economatica_classification;ev_over_ebitda;net_equity;total_assets;total_liabilities;close_price;stock_volume
3r Petroleum;ON;RRRP3;oil_and_gas;-91,9;218.364;400.857;400.857;38,02;109.504
524 Particip;ON;QVQP3B;electrical_energy;-;164;164;164;-;228.361
Abc Brasil;PN;ABCB4;finance_and_securities;-;4.288.263;43.328.841;43.328.841;15,95;219.905
Aco Altona;PN;EALT4;steel_industry;9,8;179.500;441.746;441.746;4,94;22.500
Aerisenergia;ON;AERI3;industry_machines;38,2;966.252;2.370.629;2.370.629;10,81;766.213
AES Tiete E;UNT N2;TIET11;electrical_energy;4,6;1.842.458;10.034.488;10.034.488;16,07;1.995.532
Afluente T;ON;AFLT3;electrical_energy;29;187.459;207.783;207.783;9,35;63.085
Águas de Santa Teresina Saneameno Spe S/A;ON;25615 ON;other;-;102.849;838.525;838.525;-;12.988
Alef S/A;ON;ALEF3B;other;-;148;148;148;-;116.574
Alfa Consorc;PNE;BRGE11;other;-7,2;1.234.611;3.036.525;3.036.525;10;73.646
Alfa Financ;ON;CRIV3;finance_and_securities;-;976.738;5.537.678;5.537.678;5,62;102.653
Alfa Holding;ON;RPAD3;other;17,1;1.028.141;1.037.843;1.037.843;7,19;84.682
Alfa Invest;ON;BRIV3;finance_and_securities;-;1.528.350;17.112.941;17.112.941;10,9;88.532
Alianscsonae;ON;ALSO3;other;14,7;6.583.834;10.857.119;10.857.119;24,78;264.896
Aliperti;PN;APTI4;steel_industry;-;296.722;491.357;491.357;-;18
All Norte;ON;FRRN3B;transport_and_services;-;3.821.794;17.013.347;17.013.347;-;1.189.412
Alliar;ON;AALR3;other;40,9;1.176.682;2.553.054;2.553.054;9,47;118.288
Alpargatas;PN;ALPA4;textile;42,4;2.948.735;4.814.586;4.814.586;34,87;578.911
Alper S.A.;ON;APER3;finance_and_securities;65,6;179.079;294.549;294.549;43,43;11.480
Alphaville;ON;AVLL3;real_state;-6,2;192.794;2.068.127;2.068.127;22,15;22.393
Alupar;UNT N2;ALUP11;electrical_energy;9,3;5.501.732;20.829.411;20.829.411;24,3;879.111
Amazonia;ON;BAZA3;finance_and_securities;-;2.298.285;20.835.935;20.835.935;39,5;29.646
Ambev S/A;ON;ABEV3;food_and_beverages;10;73.815.628;125.196.579;125.196.579;14,17;15.734.915
Ambipar;ON;AMBP3;other;-;1.209.969;1.573.516;1.573.516;23,35;112.936
Ampla Energ;ON;CBEE3;electrical_energy;8,2;3.591.235;11.638.870;11.638.870;15;166.634
Anima;ON;ANIM3;other;20,5;1.656.826;3.702.603;3.702.603;9,73;397.299
Arezzo Co;ON;ARZZ3;textile;126,3;697.259;1.788.268;1.788.268;72,6;99.635
Atmasa;ON;ATMP3;other;-9,8;-75.534;1.552.556;1.552.556;3,35;24.668
Atompar;ON;ATOM3;telecom;7,2;16.474;26.163;26.163;3,96;20.898
Aura 360;ON;AURA33;mining;17,6;1.435.936;2.520.768;2.520.768;55,3;70.742
Azevedo;PN;AZEV4;real_state;-27,9;-263.291;61.710;61.710;3,4;19.800
Azul S.A.;PN;AZUL4;transport_and_services;100,8;-13.866.371;13.926.323;13.926.323;42,45;341.746
B2W Digital;ON;BTOW3;retail;98,3;9.535.268;19.080.482;19.080.482;85,27;559.633
B3;ON;B3SA3;finance_and_securities;21,6;24.976.774;45.378.408;45.378.408;54,83;2.041.670
Bahema;ON;BAHI3;other;48,3;84.210;520.677;520.677;75;2.254
Banco BMG;PN;BMGB4;finance_and_securities;-;4.061.736;25.123.248;25.123.248;4,9;587.882
Banco Inter;UNT;BIDI11;finance_and_securities;-;3.302.688;19.766.642;19.766.642;153,53;760.439
Banco Pan;PN;BPAN4;finance_and_securities;-;5.317.468;38.523.948;38.523.948;13,96;1.205.056
Banese;PN;BGIP4;finance_and_securities;-;497.842;7.049.526;7.049.526;23,91;15.285
Banestes;ON;BEES3;finance_and_securities;-;1.713.900;30.484.086;30.484.086;5,04;315.912
Banpara;ON;BPAR3;finance_and_securities;-;1.484.578;10.586.556;10.586.556;-;9.522
Banrisul;PNB;BRSR6;finance_and_securities;-;8.344.062;91.822.901;91.822.901;12,79;408.974
Bardella;PN;BDLL4;industry_machines;-7;-152.754;681.867;681.867;10,68;1.600
Battistella;ON;BTTL3;retail;7,1;19.104;162.051;162.051;9,8;14.860
Baumer;PN;BALM4;other;12,2;114.153;219.614;219.614;14,4;9.785
Bbmlogistica;ON;BBML3;transport_and_services;-;129.664;772.639;772.639;-;40.761
BBSeguridade;ON;BBSE3;finance_and_securities;-;6.389.605;10.900.296;10.900.296;25,92;1.996.635
Bemobi Tech;ON;BMOB3;software_and_data;-;155.342;455.545;455.545;25,19;90.909
Betapart;ON;BETP3B;finance_and_securities;-;795;795;795;-;2.762
Bic Monark;ON;BMKS3;vehicles;-;184.018;206.577;206.577;245;455
Biomm;ON;BIOM3;other;-44,3;108.621;348.183;348.183;14,89;67.716
Biosev;ON;BSEV3;other;4,2;-476.211;10.713.032;10.713.032;6,25;1.020.429
Bk Brasil;ON;BKBR3;other;-14,9;1.838.459;3.932.755;3.932.755;9,58;274.133
Boa Vista;ON;BOAS3;software_and_data;-;333.209;894.512;894.512;11;480.136
Bombril;PN;BOBR4;chemistry;6,5;-241.275;665.953;665.953;2,2;260.509
BR Brokers;ON;BBRK3;other;-1,5;158.829;293.735;293.735;1,94;77.735
BR Malls Par;ON;BRML3;other;-21,3;10.546.061;18.478.139;18.478.139;8,7;843.728
BR Propert;ON;BRPR3;other;14,3;7.279.603;10.654.156;10.654.156;8,36;482.812
Bradesco;PN;BBDC4;finance_and_securities;-;143.702.640;1.591.039.044;1.591.039.044;23,44;8.835.527
Bradespar;PN;BRAP4;other;17,1;12.012.028;12.370.788;12.370.788;63,69;348.034
Brasil;ON;BBAS3;finance_and_securities;-;124.567.652;1.725.671.888;1.725.671.888;29,5;2.853.242
Brasilagro;ON;AGRO3;agriculture;15,7;1.147.756;2.175.976;2.175.976;22,72;78.919
Braskem;PNA;BRKM5;chemistry;29,3;-4.464.666;86.148.752;86.148.752;31,71;795.994
BRB Banco;PN;BSLI4;finance_and_securities;-;1.977.936;25.374.422;25.374.422;-;363.040
BRF SA;ON;BRFS3;food_and_beverages;6,4;8.585.784;49.664.906;49.664.906;23,31;807.707
Brq;ON;BRQB3;software_and_data;-;102.858;275.948;275.948;-;132.764
Btgp Banco;UNT;BPAC11;finance_and_securities;-;26.680.655;253.266.798;253.266.798;102,24;2.796.040
Cabinda Part;ON;CABI3B;other;-;84;106;106;-;7.374
Caconde Part;ON;CACO3B;other;-;74;96;96;-;2.110
Cambuci;ON;CAMB3;textile;12,6;97.343;281.584;281.584;5;42.100
Camil;ON;CAML3;food_and_beverages;8,4;2.761.269;6.604.180;6.604.180;10,55;368.142
Carrefour BR;ON;CRFB3;retail;7,2;15.709.000;51.824.000;51.824.000;19,71;1.985.199
Casan;ON;CASN3;other;-;1.337.910;3.831.279;3.831.279;-;751.331
CCR SA;ON;CCRO3;transport_and_services;11,6;7.999.700;35.322.357;35.322.357;11,44;2.020.000
Cea Modas;ON;CEAB3;retail;68,4;2.549.303;6.778.016;6.778.016;11,52;308.245
Ceb;ON;CEBR3;electrical_energy;-;848.831;3.680.390;3.680.390;130,08;14.416
Cedro;PN;CEDO4;textile;221,9;126.789;670.873;670.873;5,17;10.000
Ceee-D;ON;CEED3;electrical_energy;-2,9;-5.305.957;3.865.319;3.865.319;49;9.681
Ceee-Gt;ON;EEEL3;electrical_energy;9;2.689.404;5.661.053;5.661.053;-;9.661
Ceg;ON;CEGR3;oil_and_gas;62,1;1.180.521;3.495.128;3.495.128;116;247.432
Celesc;PN;CLSC4;electrical_energy;4,4;1.692.167;10.420.055;10.420.055;50,49;38.571
Celgpar;ON;GPAR3;electrical_energy;-;1.138.811;1.532.986;1.532.986;-;77.928
Celpe;PNA;CEPE5;electrical_energy;8,1;1.702.000;11.423.000;11.423.000;26,16;74.612
Cemepe;PN;MAPT4;other;-;-5.727;773;773;-;919
Cemig;PN;CMIG4;electrical_energy;7,5;17.297.668;53.326.157;53.326.157;11,97;1.518.168
Centauro;ON;CNTO3;retail;-;1.920.947;5.148.820;5.148.820;23,21;241.809
Cesp;PNB;CESP6;electrical_energy;8,6;7.206.213;14.551.864;14.551.864;27,15;327.390
Cia Hering;ON;HGTX3;textile;22,3;1.616.315;2.243.732;2.243.732;15,69;158.677
Cielo;ON;CIEL3;software_and_data;6,4;9.490.854;87.324.870;87.324.870;3,63;2.707.154
Cims;ON;CMSA3;other;-;56;57;57;-;41.378
Cinesystem;ON;CNSY3;other;-;6.926;179.436;179.436;-;30.969
Coelba;ON;CEEB3;electrical_energy;7,5;6.109.000;20.921.000;20.921.000;40,4;262.096
Coelce;PNA;COCE5;electrical_energy;8,8;3.230.548;9.366.384;9.366.384;52,05;77.855
Cogna ON;ON;COGN3;other;-51;17.191.170;36.080.847;36.080.847;3,83;1.868.968
Comgas;PNA;CGAS5;oil_and_gas;11,1;590.052;10.616.884;10.616.884;150,49;132.521
Conc Rio Ter;ON;CRTE3B;transport_and_services;-;136.490;182.660;182.660;-;86
Const A Lind;PN;CALI4;real_state;-;3.302;124.698;124.698;-;372
Copasa;ON;CSMG3;other;5,7;7.145.688;12.036.293;12.036.293;14,95;379.182
Copel;PNB;CPLE6;electrical_energy;5,9;20.057.389;45.029.675;45.029.675;59,55;273.655
Cor Ribeiro;PN;CORR4;other;-;5.563;22.518;22.518;-;23
Cosan;ON;CSAN3;oil_and_gas;14,4;10.847.665;35.760.824;35.760.824;84,51;382.461
Cosan Log;ON;RLOG3;transport_and_services;11,6;2.507.239;46.607.632;46.607.632;20,72;463.224
Cosern;PNB;CSRN6;electrical_energy;7,1;1.329.000;4.617.000;4.617.000;-;168.074
Coteminas;PN;CTNM4;textile;252,9;835.297;4.222.809;4.222.809;5,69;30.636
CPFL Energia;ON;CPFE3;electrical_energy;9,5;14.534.698;50.674.056;50.674.056;29,46;1.152.254
Cr2;ON;CRDE3;real_state;-11,9;120.364;133.136;133.136;21,5;2.422
Cristal;PNA;CRPG5;chemistry;-;674.424;928.752;928.752;48,05;29.019
Cruzeiro Edu;ON;CSED3;other;27,4;408.425;3.692.593;3.692.593;13,19;381.822
Csn Mineraca;ON;CMIN3;mining;6,5;10.601.697;19.622.406;19.622.406;9;5.591.246
Csu Cardsyst;ON;CARD3;other;6,9;282.506;523.919;523.919;15,47;41.104
Ctc S.A.;ON;CTCA3;agriculture;-;685.066;910.721;910.721;-;320.748
Cury S/A;ON;CURY3;real_state;18;459.687;1.795.232;1.795.232;9,8;291.875
Cvc Brasil;ON;CVCB3;transport_and_services;-3,6;-332.121;5.057.844;5.057.844;17,39;201.171
Cyre Com-Ccp;ON;CCPR3;other;13,3;1.627.647;4.924.971;4.924.971;11,65;152.644
Cyrela Realt;ON;CYRE3;real_state;5,3;6.261.196;11.391.783;11.391.783;25,15;384.504
D1000vfarma;ON;DMVF3;retail;7,7;818.306;1.496.135;1.496.135;10,6;50.602
Dasa;ON;DASA3;other;112;3.896.015;12.414.918;12.414.918;142,51;480.705
Dimed;ON;PNVL3;retail;20,1;1.003.628;2.176.369;2.176.369;19,23;151.188
Direcional;ON;DIRR3;real_state;12,8;1.328.161;5.247.524;5.247.524;13,37;148.400
Dohler;PN;DOHL4;textile;68,6;602.841;765.981;765.981;4,95;75.645
Dommo;ON;DMMO3;oil_and_gas;-1;-867.569;352.100;352.100;0,86;307.949
Dtcom Direct;ON;DTCY3;other;19,8;6.010;27.245;27.245;9,15;11.131
Duratex;ON;DTEX3;other;10,8;5.186.852;11.498.520;11.498.520;17,99;690.561
Ecorodovias;ON;ECOR3;transport_and_services;10;686.925;12.394.324;12.394.324;11,38;557.986
Elektro;PN;EKTR4;electrical_energy;7,7;2.982.000;9.278.000;9.278.000;24;193.759
Eletrobras;ON;ELET3;electrical_energy;7,1;75.861.647;181.582.941;181.582.941;33,44;1.568.931
Eletromidia;ON;ELMD3;other;-197;124.160;1.016.164;1.016.164;17;135.530
Eletropar;ON;LIPR3;electrical_energy;22,1;199.744;229.229;229.229;-;11.764
Emae;PN;EMAE4;electrical_energy;103,8;1.059.722;1.651.070;1.651.070;55,63;36.947
Embraer;ON;EMBR3;vehicles;-21,3;15.797.819;61.223.035;61.223.035;12,27;736.173
Enauta Part;ON;ENAT3;oil_and_gas;3,1;2.935.820;4.579.038;4.579.038;13,85;262.540
Encorpar;PN;ECPR4;textile;-;140.076;267.477;267.477;-;1.900
Energias BR;ON;ENBR3;electrical_energy;5,3;10.121.080;30.291.259;30.291.259;18,28;598.710
Energisa;UNT N2;ENGI11;electrical_energy;12,4;6.854.364;43.286.659;43.286.659;44,92;1.814.562
Energisa Mt;ON;ENMT3;electrical_energy;13,3;2.631.009;9.077.593;9.077.593;29,84;218.942
Eneva;ON;ENEV3;electrical_energy;25,9;7.278.859;15.745.083;15.745.083;66,49;315.768
Engie Brasil;ON;EGIE3;electrical_energy;7,1;7.739.529;35.186.248;35.186.248;41,66;815.928
Enjoei;ON;ENJU3;retail;-551,9;72.852;109.296;109.296;15,85;195.468
Eqtl Maranhao;ON;EQMA3B;electrical_energy;10,8;3.230.005;7.817.608;7.817.608;-;164.184
Eqtl Para;ON;EQPA3;electrical_energy;8,6;3.632.526;12.490.938;12.490.938;3,3;2.209.074
Equatorial;ON;EQTL3;electrical_energy;10;9.718.557;42.136.010;42.136.010;20,66;1.010.511
Espacolaser;ON;ESPA3;other;153,1;215.212;1.386.214;1.386.214;19,75;243.071
Estapar;ON;ALPK3;other;17,8;694.439;3.480.095;3.480.095;8,18;193.771
Estrela;PN;ESTR4;other;3,1;-486.120;245.246;245.246;26;808
Eucatex;PN;EUCA4;other;6,2;1.442.055;2.651.952;2.651.952;7,15;92.193
Even;ON;EVEN3;real_state;17,1;1.839.425;5.570.520;5.570.520;10,4;206.268
Excelsior;PN;BAUH4;food_and_beverages;16;91.838;148.894;148.894;92,94;5.222
Eztec;ON;EZTC3;real_state;29,8;4.027.600;4.525.852;4.525.852;31,87;227.000
Fer Heringer;ON;FHER3;chemistry;6,6;-205.057;1.843.248;1.843.248;5,04;53.857
Ferbasa;PN;FESA4;steel_industry;8,1;1.720.561;2.891.267;2.891.267;25,8;85.097
Finansinos;ON;FNCN3;finance_and_securities;-;11.528;12.082;12.082;-;913
Fleury;ON;FLRY3;other;11,2;1.750.850;5.523.810;5.523.810;26,97;317.166
Flex S/A;ON;FLEX3;other;-;34.877;459.494;459.494;-;3.248
Focus ON;ON;POWE3;electrical_energy;15,1;208.949;762.192;762.192;14;89.655
Fras-Le;ON;FRAS3;vehicles;19,5;886.566;2.759.114;2.759.114;12,2;214.566
Gafisa;ON;GFSA3;real_state;-27;1.509.624;3.445.750;3.445.750;4,8;300.334
Gama Part;ON;OPGM3B;other;-;1.158;1.277;1.277;-;1.936
Generalshopp;ON;GSHP3;other;-45;-585.617;1.729.238;1.729.238;49;1.875
Ger Paranap;PN;GEPA4;electrical_energy;4,4;1.771.912;4.306.518;4.306.518;38;94.433
Gerdau;PN;GGBR4;steel_industry;6,8;30.860.271;63.123.009;63.123.009;26,12;1.701.161
Gerdau Met;PN;GOAU4;steel_industry;5,4;11.698.670;64.764.475;64.764.475;11,72;1.080.985
Gol;PN;GOLL4;transport_and_services;-28,5;-14.759.201;12.820.829;12.820.829;22,51;355.485
GPC Part;ON;GPCP3;other;5,2;275.031;847.784;847.784;21,3;31.177
Grazziotin;PN;CGRA4;retail;8;626.294;820.371;820.371;34,31;19.827
Grendene;ON;GRND3;textile;35,8;3.670.678;4.026.276;4.026.276;7,26;901.503
Grupo Mateus;ON;GMAT3;retail;24,5;2.488.203;5.760.520;5.760.520;8,32;2.202.976
Grupo Natura;ON;NTCO3;retail;34,8;24.600.515;64.320.627;64.320.627;47,86;1.374.711
Grupo Soma;ON;SOMA3;retail;-105,7;1.521.360;2.378.478;2.378.478;13,85;473.141
Guararapes;ON;GUAR3;textile;-71,6;4.855.725;13.117.891;13.117.891;12,84;499.197
Habitasul;PNA;HBTS5;other;88,9;294.595;1.312.025;1.312.025;-;9.134
Haga S/A;PN;HAGA4;steel_industry;-;-76.368;59.332;59.332;1,87;11.900
Hapvida;ON;HAPV3;other;36,8;7.840.690;13.152.761;13.152.761;15,87;3.714.927
Hbr Realty;ON;HBRE3;real_state;57,1;1.114.226;2.397.051;2.397.051;17,4;103.189
Helbor;ON;HBOR3;real_state;64,8;1.246.961;4.493.227;4.493.227;8,66;132.694
Hercules;PN;HETA4;steel_industry;448,7;-382.643;10.711;10.711;9,32;510
Hidrovias;ON;HBSA3;transport_and_services;29,1;1.455.112;5.813.448;5.813.448;6,5;760.382
Hoteis Othon;PN;HOOT4;other;-0,5;-419.584;466.934;466.934;2,58;18.372
Hypera;ON;HYPE3;other;19,9;9.295.558;17.071.317;17.071.317;33,34;633.311
IGB S/A;ON;IGBR3;eletronics;-;-923.772;191.069;191.069;15,7;12.505
Igua SA;ON;IGSN3;other;-;825.555;2.949.048;2.949.048;-;207.018
Iguatemi;ON;IGTA3;other;21,9;3.102.777;6.294.659;6.294.659;32,65;176.134
Ihpardini;ON;PARD3;other;14,3;710.265;1.950.453;1.950.453;21,03;128.380
Imc S/A;ON;MEAL3;retail;-2,3;1.254.132;2.684.262;2.684.262;3,26;285.443
Ind Cataguas;ON;CATA3;textile;-;127.391;233.220;233.220;-;145
Inds Romi;ON;ROMI3;industry_machines;15,9;813.003;1.746.708;1.746.708;28,21;73.334
Inepar;PN;INEP4;other;-22,4;-2.170.940;1.387.075;1.387.075;25,31;8.204
Intelbras;ON;INTB3;eletronics;24,1;829.235;2.055.346;2.055.346;18,87;327.611
Inter SA;ON;INNT3;real_state;-;78.435;785.940;785.940;-;86.885
Intermedica;ON;GNDI3;other;40,3;7.105.295;15.860.916;15.860.916;88,29;609.171
Invepar;ON;IVPR3B;transport_and_services;-;-322.178;21.290.666;21.290.666;-;429.171
Invest Bemge;ON;FIGE3;other;-;231.086;231.619;231.619;-;2.364
Iochp-Maxion;ON;MYPK3;vehicles;28;3.839.001;13.010.400;13.010.400;12,51;152.365
Irani;ON;RANI3;paper_and_cellulose;7,6;786.154;1.814.117;1.814.117;6,3;254.344
Irbbrasil Re;ON;IRBR3;finance_and_securities;-;4.256.130;22.720.962;22.720.962;6,08;1.255.287
Itausa;PN;ITSA4;other;11;57.343.000;72.600.000;72.600.000;10,08;8.410.815
ItauUnibanco;PN;ITUB4;finance_and_securities;-;136.593.000;2.112.586.000;2.112.586.000;26,08;9.762.457
J B Duarte;ON;JBDU3;food_and_beverages;-;63.719;190.691;190.691;2,32;5.019
Jallesmachad;ON;JALL3;other;6,2;555.769;2.811.810;2.811.810;8,45;289.935
JBS;ON;JBSS3;food_and_beverages;5,7;39.445.979;166.492.760;166.492.760;25,98;2.623.374
Jereissati;ON;JPSA3;other;16,5;1.602.909;6.406.310;6.406.310;22,75;87.889
JHSF Part;ON;JHSF3;real_state;6,1;3.748.746;7.282.039;7.282.039;6,68;682.011
Josapar;ON;JOPA3;food_and_beverages;7,8;540.231;2.099.743;2.099.743;34,55;10.582
JSL;ON;JSLG3;transport_and_services;5,2;1.069.805;4.186.746;4.186.746;9,58;278.288
Karsten;PN;CTKA4;textile;6,8;-200.883;506.923;506.923;18;6.205
Kepler Weber;ON;KEPL3;steel_industry;8,5;517.651;948.778;948.778;45,28;26.312
Klabin S/A;UNT N2;KLBN11;paper_and_cellulose;9,6;3.810.305;35.270.261;35.270.261;29,78;5.485.248
Lavvi;ON;LAVV3;real_state;11,8;1.188.783;1.616.146;1.616.146;7,39;214.629
Le Lis Blanc;ON;LLIS3;textile;-2,4;620.881;2.494.651;2.494.651;4,28;68.851
Lifemed;ON;LMED3;other;-;120.046;311.403;311.403;-;2.576
Light S/A;ON;LIGT3;electrical_energy;12,1;6.809.963;25.577.226;25.577.226;18,28;372.555
Linx;ON;LINX3;software_and_data;50,3;1.684.041;2.696.563;2.696.563;38,52;175.690
Litel;ON;LTEL3B;mining;-;2.818.010;3.345.594;3.345.594;-;215.495
Litela;ON;LTLA3B;mining;-;19.997.406;21.340.813;21.340.813;-;196.713
Localiza;ON;RENT3;other;20,9;6.052.659;20.441.134;20.441.134;59,86;751.671
Locamerica;ON;LCAM3;other;11,9;4.186.288;14.466.226;14.466.226;24,47;506.763
Locaweb;ON;LWSA3;software_and_data;229,1;657.061;1.217.940;1.217.940;29,81;585.395
Log Com Prop;ON;LOGG3;real_state;14,5;3.060.121;4.212.183;4.212.183;32,2;102.143
Log-In;ON;LOGN3;transport_and_services;12,2;217.051;2.092.589;2.092.589;15,66;104.270
Lojas Americ;PN;LAME4;retail;27,2;12.512.549;40.219.976;40.219.976;25,98;1.882.630
Lojas Marisa;ON;AMAR3;retail;-23,9;1.025.061;3.008.529;3.008.529;5,3;261.498
Lojas Renner;ON;LREN3;retail;18,4;5.501.316;14.642.583;14.642.583;37,24;793.011
Lopes Brasil;ON;LPSB3;other;10,6;165.557;376.268;376.268;3,74;147.555
Lupatech;ON;LUPA3;steel_industry;-5,6;40.642;503.235;503.235;2,15;26.263
M.Diasbranco;ON;MDIA3;food_and_beverages;13;6.502.653;9.677.291;9.677.291;29;338.002
Maestroloc;ON;MSRO3;other;-;50.606;226.235;226.235;-;26.010
Magaz Luiza;ON;MGLU3;retail;151,3;7.376.605;21.814.811;21.814.811;24,06;6.483.202
Mangels Indl;PN;MGEL4;steel_industry;14,8;-481.885;415.351;415.351;9;5.783
Marcopolo;PN;POMO4;vehicles;12,9;2.552.217;5.860.911;5.860.911;2,58;939.366
Marfrig;ON;MRFG3;food_and_beverages;4,1;964.884;38.294.292;38.294.292;14,25;696.700
Melhor SP;ON;MSPA3;paper_and_cellulose;-;836.900;1.419.616;1.419.616;-;6.399
Meliuz;ON;CASH3;software_and_data;138,1;40.319;66.530;66.530;27,09;126.433
Melnick;ON;MELK3;real_state;14,4;1.158.709;1.978.900;1.978.900;6,21;207.969
Menezes Cort;ON;MNZC3B;transport_and_services;-;114.417;121.998;121.998;-;526
Merc Brasil;PN;BMEB4;finance_and_securities;-;987.968;10.718.363;10.718.363;15,95;52.416
Merc Financ;PN;MERC4;finance_and_securities;-;247.665;301.621;301.621;11,01;18.010
Merc Invest;PN;BMIN4;finance_and_securities;-;125.130;206.557;206.557;26,5;4.825
Metal Iguacu;PN;MTIG4;steel_industry;2.042,50;27.819;140.160;140.160;53,5;241
Metal Leve;ON;LEVE3;vehicles;14,5;1.337.735;2.723.062;2.723.062;17,93;128.309
Metalfrio;ON;FRIO3;industry_machines;12;-74.376;1.701.415;1.701.415;73,5;4.107
Metisa;PN;MTSA4;steel_industry;3,1;279.084;385.412;385.412;29;8.884
Mills;ON;MILS3;other;12,1;1.095.333;1.396.654;1.396.654;5,56;250.265
Minasmaquinas;PN;MMAQ4;retail;-;169.847;245.659;245.659;-;42
Minerva;ON;BEEF3;food_and_beverages;4,8;840.072;16.923.251;16.923.251;9,39;525.373
Minupar;ON;MNPR3;food_and_beverages;1,5;-368.449;237.888;237.888;6,98;7.100
Mitre;ON;MTRE3;real_state;23;994.221;1.295.694;1.295.694;13,22;105.775
MMX Miner;ON;MMXM3;mining;-363,5;-833.755;129.256;129.256;17,55;6.488
Mobly;ON;MBLY3;retail;-;4.994;261.269;261.269;24,48;106.476
Mont Aranha;ON;MOAR3;other;-16,9;889.788;1.460.873;1.460.873;-;12.251
Mosaico SA;ON;MOSI3;retail;66,5;97.677;201.236;201.236;29,79;126.596
Moura Dubeux;ON;MDNE3;real_state;-12;1.001.885;2.108.385;2.108.385;9,81;84.909
Movida;ON;MOVI3;other;11,3;2.358.680;8.502.627;8.502.627;18,14;297.675
Mrs Logist;ON;MRSA3B;transport_and_services;13,2;4.306.219;10.591.835;10.591.835;51,09;340.000
MRV;ON;MRVE3;real_state;23;5.616.189;17.566.329;17.566.329;17,18;481.953
Multiplan;ON;MULT3;other;10;6.229.725;10.564.284;10.564.284;19,96;593.438
Mundial;ON;MNDL3;steel_industry;5,2;-156.168;1.067.867;1.067.867;22;2.479
Neoenergia;ON;NEOE3;electrical_energy;6,6;21.167.000;66.297.000;66.297.000;16,85;1.213.797
Neogrid;ON;NGRD3;software_and_data;56,6;137.186;335.495;335.495;8,19;229.281
Nord Brasil;ON;BNBR3;finance_and_securities;-;6.171.975;61.817.640;61.817.640;68,52;86.371
Nordon Met;ON;NORD3;industry_machines;-;-139.893;17.060;17.060;23,22;6.621
Nortcquimica;ON;NRTQ3;chemistry;-;149.998;217.864;217.864;-;11.877
Nutriplant;ON;NUTR3;chemistry;-;16.168;69.682;69.682;-;128
Oceanpact;ON;OPCT3;mining;20;175.950;1.067.334;1.067.334;11,1;195.786
Oderich;PN;ODER4;food_and_beverages;-;242.636;504.585;504.585;-;11.287
Odontoprev;ON;ODPV3;other;14,5;1.204.586;2.036.036;2.036.036;12,99;530.401
Oi;ON;OIBR3;telecom;13,6;5.982.216;72.664.343;72.664.343;1,86;5.952.363
Omega Ger;ON;OMGE3;other;25;3.722.194;8.855.038;8.855.038;40,54;195.754
Opport Energ;ON;OPHE3B;other;-;-63.866;357.901;357.901;-;1.816.704
Orizon;ON;ORVR3;electrical_energy;17,9;60.881;675.631;675.631;21,6;71.500
OSX Brasil;ON;OSXB3;vehicles;-;-4.819.695;1.996.991;1.996.991;17,5;3.148
Ourofino S/A;ON;OFSA3;chemistry;24,2;551.954;1.000.835;1.000.835;33,7;53.949
P.Acucar-Cbd;ON;PCAR3;retail;5,1;13.695.000;53.295.000;53.295.000;84,75;268.113
Padtec;ON;PDTC3;software_and_data;17,6;103.012;376.604;376.604;5,32;78.450
Pague Menos;ON;PGMN3;retail;11,4;1.830.365;5.670.746;5.670.746;9,93;443.781
Panatlantica;ON;PATI3;steel_industry;2,6;604.626;1.369.593;1.369.593;36;18.270
Par Al Bahia;PN;PEAB4;other;0,3;958.919;1.259.755;1.259.755;-;12.850
PDG Realt;ON;PDGR3;real_state;-7,4;-5.388.617;1.803.170;1.803.170;5,34;8.066
Pet Manguinh;ON;RPMG3;oil_and_gas;-0,8;-3.076.962;2.990.942;2.990.942;2,9;67.685
Petrobras;PN;PETR4;oil_and_gas;5,8;308.410.000;987.419.000;987.419.000;23,19;13.044.201
Petrobras BR;ON;BRDT3;oil_and_gas;16,9;9.615.000;27.763.000;27.763.000;20,26;1.165.000
Petrorio;ON;PRIO3;oil_and_gas;20;2.541.814;7.055.431;7.055.431;83,91;166.141
Pettenati;PN;PTNT4;textile;6,7;267.166;723.270;723.270;4,65;48.046
Petz;ON;PETZ3;retail;41;505.953;1.838.714;1.838.714;21,4;372.856
Pine;PN;PINE4;finance_and_securities;-;792.694;13.696.534;13.696.534;2,18;148.158
Planoeplano;ON;PLPL3;real_state;13,9;214.406;958.915;958.915;5,7;204.256
Plascar Part;ON;PLAS3;vehicles;-8,1;-172.283;581.099;581.099;4,59;12.425
Polpar;ON;PPAR3;other;-;41.934;58.233;58.233;-;74
Pomifrutas;ON;FRTA3;agriculture;40,1;-64.884;34.379;34.379;4,99;2.001
Porto Seguro;ON;PSSA3;finance_and_securities;2;8.967.002;36.730.202;36.730.202;44,5;319.924
Positivo Tec;ON;POSI3;eletronics;13,1;931.221;2.560.484;2.560.484;4,34;140.398
Pratica;ON;PTCA3;eletronics;-;46.180;134.963;134.963;-;3.728
Priner;ON;PRNR3;real_state;25,1;210.974;328.500;328.500;7,46;38.749
Profarma;ON;PFRM3;retail;7,9;1.018.719;3.677.478;3.677.478;5,76;122.611
Prompt;ON;PRPT3B;other;-;98;98;98;-;106.816
Qualicorp;ON;QUAL3;other;11,4;1.773.946;3.881.155;3.881.155;31,6;283.491
Quality Soft;ON;QUSW3;software_and_data;-;48.510;113.299;113.299;-;862
Quero-Quero;ON;LJQQ3;retail;21,5;461.850;2.184.209;2.184.209;17;187.290
RaiaDrogasil;ON;RADL3;retail;27,3;4.173.488;13.044.951;13.044.951;23,85;1.649.387
Randon Part;PN;RAPT4;vehicles;11,3;1.743.361;7.922.554;7.922.554;13;330.019
Recrusul;ON;RCSL3;vehicles;216,5;-67.323;41.009;41.009;9,3;75.823
Rede D Or;ON;RDOR3;other;59,3;13.613.122;45.657.044;45.657.044;71,36;1.942.526
Rede Energia;ON;REDE3;electrical_energy;19;3.878.166;20.837.693;20.837.693;11,75;2.110.323
Renova;UNT N2;RNEW11;electrical_energy;58,7;-1.351.088;2.321.334;2.321.334;11;41.720
Riosulense;PN;RSUL4;vehicles;3,5;18.338;227.980;227.980;-;583
Rni;ON;RDNI3;real_state;44,9;605.155;1.554.276;1.554.276;9,25;42.203
Rossi Resid;ON;RSID3;real_state;-8,5;-729.329;1.830.093;1.830.093;11,6;16.908
Rumo S.A.;ON;RAIL3;transport_and_services;12,3;14.983.606;45.908.371;45.908.371;18,65;1.852.737
Sabesp;ON;SBSP3;other;8,4;21.696.617;47.786.228;47.786.228;37,94;683.510
Sanepar;UNT N2;SAPR11;other;4,6;6.943.163;13.190.858;13.190.858;20,12;1.511.206
Sansuy;ON;SNSY3;other;-6,6;-1.331.343;382.562;382.562;18,25;7.716
Santander BR;UNT;SANB11;finance_and_securities;-;78.968.183;1.002.388.978;1.002.388.978;38,25;7.460.873
Santanense;ON;CTSA3;textile;22,5;285.461;636.391;636.391;2,61;111.299
Santos Brp;ON;STBP3;transport_and_services;33,7;2.084.206;4.228.912;4.228.912;5,87;860.794
Sao Carlos;ON;SCAR3;other;13,8;1.550.418;3.195.515;3.195.515;34;56.550
Sao Martinho;ON;SMTO3;other;8,9;4.037.269;12.280.825;12.280.825;31,69;346.375
Saraiva Livr;PN;SLED4;other;-2,1;-345.644;441.895;441.895;0,59;63.092
Schulz;PN;SHUL4;vehicles;12,6;680.080;1.677.900;1.677.900;13,25;89.252
Seg Al Bahia;PN;CSAB4;finance_and_securities;-;198.916;401.983;401.983;51,7;7.680
Sequoia Log;ON;SEQL3;transport_and_services;36,3;411.325;1.375.878;1.375.878;30,94;127.150
Ser Educa;ON;SEER3;other;5,6;1.331.620;2.929.329;2.929.329;12,54;128.722
Sid Nacional;ON;CSNA3;steel_industry;8,6;9.913.451;63.002.149;63.002.149;34,66;1.380.115
Simpar;ON;SIMH3;transport_and_services;12,9;1.787.714;22.774.196;22.774.196;38,34;206.032
Sinqia;ON;SQIA3;software_and_data;67,2;433.556;611.378;611.378;22,23;70.415
SLC Agricola;ON;SLCE3;agriculture;14,3;2.717.772;7.830.049;7.830.049;39,76;187.324
Smart Fit;ON;SMFT3;other;-;2.063.108;7.946.307;7.946.307;-;22.283
Smiles;ON;SMLS3;other;15,7;1.312.822;3.342.069;3.342.069;22,03;124.159
Sondotecnica;PNA;SOND5;other;3,7;74.955;99.757;99.757;45,01;2.431
Springs;ON;SGPS3;textile;66,2;1.138.028;3.138.916;3.138.916;6,48;50.000
SPturis;ON;AHEB3;other;-23,1;12.171;257.288;257.288;-;8.542
Stara;ON;STTR3;industry_machines;-;624.326;1.072.134;1.072.134;-;297.498
Statkraft;ON;STKF3;electrical_energy;-;1.369.149;2.398.951;2.398.951;-;277.383
Sudeste;ON;OPSE3B;other;-;92;92;92;-;126.178
Sul 116 Part;ON;OPTS3B;telecom;-;7.819;11.382;11.382;-;83.596.903
Sul America;UNT N2;SULA11;finance_and_securities;-1,4;8.102.028;27.869.121;27.869.121;34,78;1.142.132
Suzano Hold;PNA;NEMO5;other;-;416.878;105.506.118;105.506.118;-;172.927
Suzano S.A.;ON;SUZB3;paper_and_cellulose;10,8;7.231.822;101.800.748;101.800.748;74,39;1.349.222
Taesa;UNT N2;TAEE11;electrical_energy;7,7;5.768.370;13.866.966;13.866.966;30,81;1.033.497
Taurus Armas;PN;TASA4;steel_industry;8,8;-256.159;1.295.713;1.295.713;19,52;96.129
Technos;ON;TECN3;other;-11,4;313.466;636.539;636.539;1,55;77.298
Tecnisa;ON;TCSA3;real_state;-6,7;806.412;1.689.063;1.689.063;7,72;73.619
Tecnosolo;PN;TCNO4;other;-;370;234.370;234.370;1,32;6.620
Tegma;ON;TGMA3;transport_and_services;17,4;619.947;1.031.401;1.031.401;22;65.938
Teka;PN;TEKA4;textile;-57;-1.656.933;978.796;978.796;-;503
Tekno;PN;TKNO4;steel_industry;4,7;188.039;232.915;232.915;-;2.948
Telebras;PN;TELB4;telecom;-;1.591.547;4.230.853;4.230.853;27,5;67.865
Telef Brasil;ON;VIVT3;telecom;4,6;69.556.764;108.738.378;108.738.378;44,52;1.688.174
Tenda;ON;TEND3;real_state;11,9;1.479.063;4.109.366;4.109.366;26,67;98.506
Terra Santa;ON;TESA3;other;5,2;728.543;2.769.242;2.769.242;30;21.657
Tex Renaux;PN;TXRX4;textile;-;-304.703;190.301;190.301;9,2;4.259
Tim;ON;TIMS3;telecom;3,5;23.182.745;41.654.417;41.654.417;13,17;2.420.407
Time For Fun;ON;SHOW3;other;-7,8;254.211;620.861;620.861;3,52;67.312
Totvs;ON;TOTS3;software_and_data;28,8;2.604.166;5.146.406;5.146.406;31,85;567.760
Track Field;PN;TFCO4;retail;113,1;27.261;309.554;309.554;13,2;159.718
Tran Paulist;PN;TRPL4;electrical_energy;4,7;13.754.283;24.592.358;24.592.358;25,82;658.883
Trevisa;PN;LUXM4;other;14,6;96.830;155.801;155.801;67,99;5.196
Trisul;ON;TRIS3;real_state;13,5;1.146.025;1.939.546;1.939.546;9,96;186.017
Triunfo Part;ON;TPIS3;transport_and_services;8,4;648.781;3.549.148;3.549.148;1,81;173.507
Tupy;ON;TUPY3;vehicles;11,9;2.536.902;6.401.913;6.401.913;20,74;144.038
Ultrapar;ON;UGPA3;oil_and_gas;12,3;9.533.746;36.250.162;36.250.162;19,68;1.090.266
Unicasa;ON;UCAS3;other;17,4;153.609;218.378;218.378;4,4;66.086
Unipar;PNB;UNIP6;chemistry;9,4;1.527.274;4.335.046;4.335.046;55,1;94.384
Uptick;ON;UPKP3B;electrical_energy;-;104.487;104.513;104.513;-;52.437
Usiminas;PNA;USIM5;steel_industry;6,1;14.867.466;29.952.137;29.952.137;16,41;1.230.533
Vale;ON;VALE3;mining;7,2;185.784.979;478.129.515;478.129.515;95,71;5.129.911
Valid;ON;VLID3;other;56,7;1.171.681;3.096.698;3.096.698;7,8;71.225
Vamos;ON;VAMO3;other;15,3;506.238;4.225.479;4.225.479;34,09;225.851
Viavarejo;ON;VVAR3;retail;11,8;5.632.000;30.062.000;30.062.000;12,63;1.596.717
Vivara S.A.;ON;VIVA3;retail;47;1.115.775;1.910.659;1.910.659;24,48;236.198
Viver;ON;VIVR3;real_state;-3,3;-182.109;358.187;358.187;1,06;97.029
Vulcabras;ON;VULC3;textile;51;1.072.270;1.651.132;1.651.132;7,79;245.756
Weg;ON;WEGE3;industry_machines;50,3;11.563.165;19.927.896;19.927.896;79,5;2.097.740
Westwing;ON;WEST3;retail;124;8.918;107.699;107.699;12,09;109.477
Wetzel S/A;PN;MWET4;vehicles;-39,9;-224.643;182.239;182.239;6,76;1.734
Whirlpool;PN;WHRL4;eletronics;12,1;2.118.005;6.826.307;6.826.307;7,66;1.502.785
Wiz S.A;ON;WIZS3;finance_and_securities;-;352.122;816.611;816.611;6,31;159.907
Wlm Ind Com;PN;WLMM4;retail;13,3;458.461;578.365;578.365;29;36.415
Yduqs Part;ON;YDUQ3;other;15,7;3.321.200;9.411.001;9.411.001;31,16;301.197
